jimin3.jpg;young_forever
night-03.jpg;young_forever
jin4.jpg;young_forever
hope4.jpg;young_forever
hope3.jpg;young_forever
jin3.jpg;young_forever
day-02.jpg;young_forever
jk2.jpg;young_forever
jk2.jpg;2_cool_4_school
jimin1.jpg;2_cool_4_school
hope2.jpg;2_cool_4_school
jk3.jpg;2_cool_4_school
jimin3.jpg;2_cool_4_school
rm1.jpg;2_cool_4_school
hope3.jpg;2_cool_4_school
jk2.jpg;skool_luv_affair
skool_luv_affair4.jpg;skool_luv_affair
v1.jpg;skool_luv_affair
skool_luv_affair1.jpg;skool_luv_affair
hope1.jpg;skool_luv_affair
jimin1.jpg;skool_luv_affair
photo-23.jpg;you never walk alone
photo-11.jpg;you never walk alone
photo-35.jpg;you never walk alone
photo-12.jpg;you never walk alone
photo-18.jpg;you never walk alone
photo-24.jpg;you never walk alone
photo-31.jpg;you never walk alone
photo-25.jpg;you never walk alone
jin1.jpg;dark_n_wild
rm2.jpg;dark_n_wild
rm3.jpg;dark_n_wild
dark_n_wild4.jpg;dark_n_wild
dark_n_wild2.jpg;dark_n_wild
dark_n_wild7.jpg;dark_n_wild
v1.jpg;dark_n_wild
jin2.jpg;dark_n_wild
jin3.jpg;dark_n_wild
suga2.jpg;o_rul8_2
rm1.jpg;o_rul8_2
jin2.jpg;o_rul8_2
rm2.jpg;o_rul8_2
rm3.jpg;o_rul8_2
jungkook1.jpg;o_rul8_2
