v2.jpg;young_forever
rm1.jpg;young_forever
jk3.jpg;young_forever
suga3.jpg;young_forever
hope2.jpg;young_forever
suga2.jpg;young_forever
hope1.jpg;young_forever
day-01.jpg;young_forever
jimin2.jpg;young_forever
night-02.jpg;young_forever
suga1.jpg;young_forever
rm3.jpg;young_forever
rm2.jpg;young_forever
night-01.jpg;young_forever
v4.jpg;young_forever
jin1.jpg;young_forever
hope1.jpg;2_cool_4_school
v2.jpg;2_cool_4_school
jimin2.jpg;2_cool_4_school
v1.jpg;2_cool_4_school
suga2.jpg;2_cool_4_school
jin3.jpg;2_cool_4_school
jk1.jpg;2_cool_4_school
v3.jpg;2_cool_4_school
suga3.jpg;2_cool_4_school
rm3.jpg;2_cool_4_school
rm2.jpg;2_cool_4_school
jin2.jpg;2_cool_4_school
suga1.jpg;2_cool_4_school
jin1.jpg;2_cool_4_school
suga1.jpg;skool_luv_affair
v2.jpg;skool_luv_affair
jimin2.jpg;skool_luv_affair
suga2.jpg;skool_luv_affair
jin2.jpg;skool_luv_affair
jk1.jpg;skool_luv_affair
rm1.jpg;skool_luv_affair
skool_luv_affair2.jpg;skool_luv_affair
rm2.jpg;skool_luv_affair
hope2.jpg;skool_luv_affair
skool_luv_affair3.jpg;skool_luv_affair
jin1.jpg;skool_luv_affair
photo-17.jpg;you never walk alone
photo-22.jpg;you never walk alone
photo-04.jpg;you never walk alone
photo-15.jpg;you never walk alone
photo-32.jpg;you never walk alone
photo-01.jpg;you never walk alone
photo-05.jpg;you never walk alone
photo-19.jpg;you never walk alone
photo-08.jpg;you never walk alone
photo-16.jpg;you never walk alone
photo-33.jpg;you never walk alone
photo-27.jpg;you never walk alone
photo-10.jpg;you never walk alone
photo-30.jpg;you never walk alone
photo-20.jpg;you never walk alone
photo-28.jpg;you never walk alone
photo-34.jpg;you never walk alone
v2.jpg;dark_n_wild
dark_n_wild1.jpg;dark_n_wild
suga2.jpg;dark_n_wild
hope1.jpg;dark_n_wild
jk2.jpg;dark_n_wild
suga3.jpg;dark_n_wild
dark_n_wild3.jpg;dark_n_wild
jk3.jpg;dark_n_wild
suga1.jpg;dark_n_wild
jimin1.jpg;dark_n_wild
hope2.jpg;dark_n_wild
jk1.jpg;dark_n_wild
dark_n_wild6.jpg;dark_n_wild
rm1.jpg;dark_n_wild
jimin3.jpg;dark_n_wild
hope3.jpg;dark_n_wild
jimin2.jpg;dark_n_wild
v3.jpg;dark_n_wild
jhope2.jpg;o_rul8_2
v2.jpg;o_rul8_2
jimin2.jpg;o_rul8_2
jin1.jpg;o_rul8_2
jhope3.jpg;o_rul8_2
suga1.jpg;o_rul8_2
jin3.jpg;o_rul8_2
jhope1.jpg;o_rul8_2
v1.jpg;o_rul8_2
jungkook3.jpg;o_rul8_2
jungkook2.jpg;o_rul8_2
suga3.jpg;o_rul8_2
